Workbook

Sheet Data envt
A3: g | B3: 9.81 | C3: m / sec2
A4: Rho | B4: 1030 | C4: kg / m3
A6: ROV
A7: Largeur | B7: 0.4 | C7: m
A8: Longueur | B8: 0.7 | C8: m
A9: Hauteur | B9: 0.4 | C9: m
A10: Masse | B10: 30.9 | C10: kg
A11: Vol | B11: 0.03 | C11: m3
A12: Poids | B12: =-1*B10*B3 -> -303.129 | C12: N
A13: Archimède | B13: =B11*B3*B4 -> 303.129 | C13: N
A14: Poids apparent | B14: =B13+B12 -> 0 | C14: N
A15: Cx | B15: 0.9
A16: Cy | B16: 0.9
A17: Surface x | B17: =B7*B9 -> 0.16 | C17: m2
A18: Surface y | B18: =B7*B8 -> 0.28 | C18: m2
A20: Vitesse de chûte | B20: =SQRT(ABS(2*B14/(B4*B16*B18))) -> 0 | C20: m/s
A22: CABLE
A23: Diamètre câble | B23: 0.001 | C23: m
A24: Masse volumique | B24: 1030 | C24: kg / m3
A25: Poids linéique | B25: =B3*B24*PI()*POWER(B23,2)/4 -> 0.0079358987 | C25: N / m
A26: Poids apparent linéique | B26: {=B3*(B24-B4)*PI()*POWER(B23:B23,2)/4} -> 0 | C26: N / m
A27: Cx | B27: 0.9
A28: Cf | B28: 0.04
A30: Poids apparent 100 m | B30: =100*B26 -> 0 | C30: N

Sheet Traînée ROV
C4: Vx | D4: 0.13 | G4: Vx | H4: 0 | I4: =H4+0.1 -> 0.1 | J4: =I4+0.1 -> 0.2 | K4: =J4+0.1 -> 0.3 | L4: =K4+0.1 -> 0.4 | M4: =L4+0.1 -> 0.5 | N4: =M4+0.1 -> 0.6 | O4: =N4+0.1 -> 0.7 | P4: =O4+0.1 -> 0.8 | ... AB4: =AA4+0.1 -> 2
C5: Traînée x | D5: =0.5*'Data envt'!$B$15*'Data envt'!$B$17*D4*D4*'Data envt'!$B$4 -> 1.253304 | G5: Traînée x | H5: =0.5*'Data envt'!$B$15*'Data envt'!$B$17*H4*H4*'Data envt'!$B$4 -> 0 | I5: =0.5*'Data envt'!$B$15*'Data envt'!$B$17*I4*I4*'Data envt'!$B$4 -> 0.7416 | J5: =0.5*'Data envt'!$B$15*'Data envt'!$B$17*J4*J4*'Data envt'!$B$4 -> 2.9664 | K5: =0.5*'Data envt'!$B$15*'Data envt'!$B$17*K4*K4*'Data envt'!$B$4 -> 6.6744 | L5: =0.5*'Data envt'!$B$15*'Data envt'!$B$17*L4*L4*'Data envt'!$B$4 -> 11.8656 | M5: =0.5*'Data envt'!$B$15*'Data envt'!$B$17*M4*M4*'Data envt'!$B$4 -> 18.54 | N5: =0.5*'Data envt'!$B$15*'Data envt'!$B$17*N4*N4*'Data envt'!$B$4 -> 26.6976 | O5: =0.5*'Data envt'!$B$15*'Data envt'!$B$17*O4*O4*'Data envt'!$B$4 -> 36.3384 | ... AB5: =0.5*'Data envt'!$B$15*'Data envt'!$B$17*AB4*AB4*'Data envt'!$B$4 -> 296.64
C7: Vy | D7: 0.9 | G7: Vy | H7: 0 | I7: =H7+0.1 -> 0.1 | J7: =I7+0.1 -> 0.2 | K7: =J7+0.1 -> 0.3 | L7: =K7+0.1 -> 0.4 | M7: =L7+0.1 -> 0.5 | N7: =M7+0.1 -> 0.6 | O7: =N7+0.1 -> 0.7 | P7: =O7+0.1 -> 0.8 | ... AB7: =AA7+0.1 -> 2
C8: Traînée y | D8: =0.5*'Data envt'!$B$16*'Data envt'!$B$18*D7*D7*'Data envt'!$B$4 -> 105.1218 | G8: Traînée y | H8: =0.5*'Data envt'!$B$16*'Data envt'!$B$18*H7*H7*'Data envt'!$B$4 -> 0 | I8: =0.5*'Data envt'!$B$16*'Data envt'!$B$18*I7*I7*'Data envt'!$B$4 -> 1.2978 | J8: =0.5*'Data envt'!$B$16*'Data envt'!$B$18*J7*J7*'Data envt'!$B$4 -> 5.1912 | K8: =0.5*'Data envt'!$B$16*'Data envt'!$B$18*K7*K7*'Data envt'!$B$4 -> 11.6802 | L8: =0.5*'Data envt'!$B$16*'Data envt'!$B$18*L7*L7*'Data envt'!$B$4 -> 20.7648 | M8: =0.5*'Data envt'!$B$16*'Data envt'!$B$18*M7*M7*'Data envt'!$B$4 -> 32.445 | N8: =0.5*'Data envt'!$B$16*'Data envt'!$B$18*N7*N7*'Data envt'!$B$4 -> 46.7208 | O8: =0.5*'Data envt'!$B$16*'Data envt'!$B$18*O7*O7*'Data envt'!$B$4 -> 63.5922 | ... AB8: =0.5*'Data envt'!$B$16*'Data envt'!$B$18*AB7*AB7*'Data envt'!$B$4 -> 519.12
C11: Vitesse de chûte | D11: ='Data envt'!B20 -> 0 | E11: m/s | G11: V | H11: =H4 -> 0 | I11: =I4 -> 0.1 | J11: =J4 -> 0.2 | K11: =K4 -> 0.3 | L11: =L4 -> 0.4 | M11: =M4 -> 0.5 | N11: =N4 -> 0.6 | O11: =O4 -> 0.7 | ... AB11: =AB4 -> 2
G12: Traînée x | H12: =H5 -> 0 | I12: =I5 -> 0.7416 | J12: =J5 -> 2.9664 | K12: =K5 -> 6.6744 | L12: =L5 -> 11.8656 | M12: =M5 -> 18.54 | N12: =N5 -> 26.6976 | O12: =O5 -> 36.3384 | ... AB12: =AB5 -> 296.64
G13: Traînée y | H13: =H8 -> 0 | I13: =I8 -> 1.2978 | J13: =J8 -> 5.1912 | K13: =K8 -> 11.6802 | L13: =L8 -> 20.7648 | M13: =M8 -> 32.445 | N13: =N8 -> 46.7208 | O13: =O8 -> 63.5922 | ... AB13: =AB8 -> 519.12

Sheet Traînée câble
H2: ='Data envt'!A4 -> Rho | I2: ='Data envt'!B4 -> 1030
H4: ='Data envt'!A22 -> CABLE | I4: ='Data envt'!B22 -> 0
A5: Surface_x | B5: 0 | H5: ='Data envt'!A23 -> Diamètre câble | I5: ='Data envt'!B23 -> 0.001
A6: Surface_y | B6: 0 | H6: ='Data envt'!A24 -> Masse volumique | I6: ='Data envt'!B24 -> 1030
A7: Fond_x | B7: 0 | H7: ='Data envt'!A25 -> Poids linéique | I7: ='Data envt'!B25 -> 0.0079358987
A8: Fond _y | B8: 400 | H8: ='Data envt'!A26 -> Poids apparent linéique | I8: ='Data envt'!B26 -> 0
A9: Longueur cable | B9: =SQRT(POWER(B7-B5,2)+POWER(B8-B6,2)) -> 400 | H9: ='Data envt'!A27 -> Cx | I9: ='Data envt'!B27 -> 0.9
A10: teta | B10: =ASIN(B7/B9) -> 0 | H10: ='Data envt'!A28 -> Cf | I10: ='Data envt'!B28 -> 0.04
H11: ='Data envt'!A29 -> 0 | I11: ='Data envt'!B29 -> 0
A12: u | B12: =SIN(B10) -> 0 | C12: i | D12: =-COS(B10) -> -1 | E12: j | H12: ='Data envt'!A30 -> Poids apparent 100 m | I12: ='Data envt'!B30 -> 0
A13: v | B13: =COS(B10) -> 1 | C13: i | D13: =SIN(B10) -> 0 | E13: j
H14: L | I14: 400 | J14: m
A15: i | B15: =SIN(B10) -> 0 | C15: u | D15: =-COS(B10) -> -1 | E15: v
A16: j | B16: =COS(B10) -> 1 | C16: u | D16: =SIN(B10) -> 0 | E16: v
A18: V courant | B18: 1 | C18: i | D18: 0 | E18: j
B19: =B15*B18 -> 0 | C19: u | D19: =D15*B18 -> -1 | E19: v
A21: V cable | B21: 0 | C21: u | D21: 0 | E21: v
A23: Trainée perp | D23: =0.5*I9*I2*I5*D19*ABS(D19)*I14 -> -185.4 | E23: v
A24: Trainée long | B24: =0.5*I10*I2*PI()*I5*(B19+B21)*ABS(B19+B21)*I14 -> 0 | C24: u
A27: Trainée perp | B27: =D23*B13 -> -185.4 | C27: i | D27: =D23*D13 -> 0 | E27: j
A28: Trainée long | B28: =B24*B12 -> 0 | C28: i | D28: =B24*D12 -> 0 | E28: j
A30: Trainée cable | B30: =B27+B28 -> -185.4 | D30: =D27+D28 -> 0

Sheet Initialisation
F2: 1 | G2: =F2+1 -> 2 | H2: =G2+1 -> 3 | I2: =H2+1 -> 4 | J2: =I2+1 -> 5 | K2: =J2+1 -> 6 | L2: =K2+1 -> 7 | M2: =L2+1 -> 8 | N2: =M2+1 -> 9 | ... DA2: =CZ2+1 -> 100
B3: xrov | C3: 30
B4: yrov | C4: 400 | E4: a | F4: 0.01 | G4: =F4+0.2 -> 0.21 | H4: =G4+0.2 -> 0.41 | I4: =H4+0.2 -> 0.61 | J4: =I4+0.2 -> 0.81 | K4: =J4+0.2 -> 1.01 | L4: =K4+0.2 -> 1.21 | M4: =L4+0.2 -> 1.41 | N4: =M4+0.2 -> 1.61 | ... DA4: =CZ4+0.2 -> 19.81
B5: L init | C5: 420 | E5: xH | F5: =$C$3-F4*ACOSH($C$4/F4 +1) -> 29.887102 | G5: =$C$3-G4*ACOSH($C$4/G4 +1) -> 28.268385 | H5: =$C$3-H4*ACOSH($C$4/H4 +1) -> 26.893334 | I5: =$C$3-I4*ACOSH($C$4/I4 +1) -> 25.619937 | J5: =$C$3-J4*ACOSH($C$4/J4 +1) -> 24.413143 | K5: =$C$3-K4*ACOSH($C$4/K4 +1) -> 23.256047 | L5: =$C$3-L4*ACOSH($C$4/L4 +1) -> 22.138618 | M5: =$C$3-M4*ACOSH($C$4/M4 +1) -> 21.054202 | ... DA5: =$C$3-DA4*ACOSH($C$4/DA4 +1) -> -44.212329
B6: L_straight | C6: =SQRT(C3*C3 + C4*C4) -> 401.12342 | E6: L arc | F6: =F4*SINH(($C$3-F5)/F4) -> 400.01 | G6: =G4*SINH(($C$3-G5)/G4) -> 400.20994 | H6: =H4*SINH(($C$3-H5)/H4) -> 400.40979 | I6: =I4*SINH(($C$3-I5)/I4) -> 400.60954 | J6: =J4*SINH(($C$3-J5)/J4) -> 400.80918 | K6: =K4*SINH(($C$3-K5)/K4) -> 401.00873 | L6: =L4*SINH(($C$3-L5)/L4) -> 401.20818 | M6: =M4*SINH(($C$3-M5)/M4) -> 401.40752 | ... DA6: =DA4*SINH(($C$3-DA5)/DA4) -> 419.34234
E7: xH + L | F7: =F5+F6 -> 429.8971 | G7: =G5+G6 -> 428.47833 | H7: =H5+H6 -> 427.30312 | I7: =I5+I6 -> 426.22947 | J7: =J5+J6 -> 425.22232 | K7: =K5+K6 -> 424.26477 | L7: =L5+L6 -> 423.34679 | M7: =M5+M6 -> 422.46173 | ... DA7: =DA5+DA6 -> 375.13001
E8: | xH + L - L_init | | F8: =ABS(F7-$C$5) -> 9.8971018 | G8: =ABS(G7-$C$5) -> 8.4783302 | H8: =ABS(H7-$C$5) -> 7.3031241 | I8: =ABS(I7-$C$5) -> 6.2294725 | J8: =ABS(J7-$C$5) -> 5.2223242 | K8: =ABS(K7-$C$5) -> 4.2647746 | L8: =ABS(L7-$C$5) -> 3.3467939 | M8: =ABS(M7-$C$5) -> 2.4617254 | ... DA8: =ABS(DA7-$C$5) -> 44.869987
B9: Min | C9: =MIN(F8:AU8) -> 0.037906083
B10: index | C10: =_xlfn.XMATCH(C9,F8:AU8) -> 11
B11: a min | C11: {=INDEX(F4:AU4,C$10)} -> 2.01 | E11: a ach((yrov+a)/a) | AA11: =AA4*ACOSH((($C$4+AA4)/AA4)) -> 22.134462
B12: xH min | C12: {=INDEX(F5:AU5,C$10)} -> 17.957119
B13: L arc | C13: {=INDEX(F6:AU6,C10)} -> 402.00498
